CREATE DATABASE  IF NOT EXISTS `almacen` /*!40100 DEFAULT CHARACTER SET utf8mb4 COLLATE utf8mb4_0900_ai_ci */ /*!80016 DEFAULT ENCRYPTION='N' */;
USE `almacen`;
-- MySQL dump 10.13  Distrib 8.0.41, for Win64 (x86_64)
--
-- Host: localhost    Database: almacen
-- ------------------------------------------------------
-- Server version	8.0.41

/*!40101 SET @OLD_CHARACTER_SET_CLIENT=@@CHARACTER_SET_CLIENT */;
/*!40101 SET @OLD_CHARACTER_SET_RESULTS=@@CHARACTER_SET_RESULTS */;
/*!40101 SET @OLD_COLLATION_CONNECTION=@@COLLATION_CONNECTION */;
/*!50503 SET NAMES utf8 */;
/*!40103 SET @OLD_TIME_ZONE=@@TIME_ZONE */;
/*!40103 SET TIME_ZONE='+00:00' */;
/*!40014 SET @OLD_UNIQUE_CHECKS=@@UNIQUE_CHECKS, UNIQUE_CHECKS=0 */;
/*!40014 SET @OLD_FOREIGN_KEY_CHECKS=@@FOREIGN_KEY_CHECKS, FOREIGN_KEY_CHECKS=0 */;
/*!40101 SET @OLD_SQL_MODE=@@SQL_MODE, SQL_MODE='NO_AUTO_VALUE_ON_ZERO' */;
/*!40111 SET @OLD_SQL_NOTES=@@SQL_NOTES, SQL_NOTES=0 */;

--
-- Table structure for table `categorias`
--

DROP TABLE IF EXISTS `categorias`;
/*!40101 SET @saved_cs_client     = @@character_set_client */;
/*!50503 SET character_set_client = utf8mb4 */;
CREATE TABLE `categorias` (
  `id_categorias` int NOT NULL,
  `nombre` varchar(50) DEFAULT NULL,
  PRIMARY KEY (`id_categorias`)
) ENGINE=InnoDB DEFAULT CHARSET=utf8mb4 COLLATE=utf8mb4_0900_ai_ci;
/*!40101 SET character_set_client = @saved_cs_client */;

--
-- Dumping data for table `categorias`
--

LOCK TABLES `categorias` WRITE;
/*!40000 ALTER TABLE `categorias` DISABLE KEYS */;
INSERT INTO `categorias` VALUES (1,'ropa de mujer'),(2,'ropa de hombre'),(3,'ropa infantil'),(4,'ropa unisex');
/*!40000 ALTER TABLE `categorias` ENABLE KEYS */;
UNLOCK TABLES;

--
-- Table structure for table `productos`
--

DROP TABLE IF EXISTS `productos`;
/*!40101 SET @saved_cs_client     = @@character_set_client */;
/*!50503 SET character_set_client = utf8mb4 */;
CREATE TABLE `productos` (
  `id_productos` int NOT NULL,
  `nombre` varchar(50) DEFAULT NULL,
  `precio` decimal(10,2) DEFAULT NULL,
  PRIMARY KEY (`id_productos`)
) ENGINE=InnoDB DEFAULT CHARSET=utf8mb4 COLLATE=utf8mb4_0900_ai_ci;
/*!40101 SET character_set_client = @saved_cs_client */;

--
-- Dumping data for table `productos`
--

LOCK TABLES `productos` WRITE;
/*!40000 ALTER TABLE `productos` DISABLE KEYS */;
INSERT INTO `productos` VALUES (1,'blusa',30000.00),(2,'falda',25000.00),(3,'camiseta',15000.00),(4,'short',35000.00),(5,'vestido',50000.00),(6,'jeans',60000.00),(7,'zapatos',100000.00),(8,'vestido de niña',40000.00),(9,'camiseta de niño',25000.00),(10,'zapatos de niños',80000.00),(11,'jeans de niños',90000.00),(12,'blusa de niña',20000.00);
/*!40000 ALTER TABLE `productos` ENABLE KEYS */;
UNLOCK TABLES;

--
-- Table structure for table `productos_categorias`
--

DROP TABLE IF EXISTS `productos_categorias`;
/*!40101 SET @saved_cs_client     = @@character_set_client */;
/*!50503 SET character_set_client = utf8mb4 */;
CREATE TABLE `productos_categorias` (
  `id` int NOT NULL AUTO_INCREMENT,
  `id_produ` int DEFAULT NULL,
  `id_cat` int DEFAULT NULL,
  PRIMARY KEY (`id`),
  KEY `id_produ` (`id_produ`),
  KEY `id_cat` (`id_cat`),
  CONSTRAINT `productos_categorias_ibfk_1` FOREIGN KEY (`id_produ`) REFERENCES `productos` (`id_productos`),
  CONSTRAINT `productos_categorias_ibfk_2` FOREIGN KEY (`id_cat`) REFERENCES `categorias` (`id_categorias`)
) ENGINE=InnoDB AUTO_INCREMENT=15 DEFAULT CHARSET=utf8mb4 COLLATE=utf8mb4_0900_ai_ci;
/*!40101 SET character_set_client = @saved_cs_client */;

--
-- Dumping data for table `productos_categorias`
--

LOCK TABLES `productos_categorias` WRITE;
/*!40000 ALTER TABLE `productos_categorias` DISABLE KEYS */;
INSERT INTO `productos_categorias` VALUES (1,1,1),(2,2,1),(3,3,2),(4,4,1),(5,5,1),(6,6,1),(7,6,2),(8,7,1),(9,7,2),(10,8,3),(11,9,3),(12,10,3),(13,11,3),(14,12,3);
/*!40000 ALTER TABLE `productos_categorias` ENABLE KEYS */;
UNLOCK TABLES;
/*!40103 SET TIME_ZONE=@OLD_TIME_ZONE */;

/*!40101 SET SQL_MODE=@OLD_SQL_MODE */;
/*!40014 SET FOREIGN_KEY_CHECKS=@OLD_FOREIGN_KEY_CHECKS */;
/*!40014 SET UNIQUE_CHECKS=@OLD_UNIQUE_CHECKS */;
/*!40101 SET CHARACTER_SET_CLIENT=@OLD_CHARACTER_SET_CLIENT */;
/*!40101 SET CHARACTER_SET_RESULTS=@OLD_CHARACTER_SET_RESULTS */;
/*!40101 SET COLLATION_CONNECTION=@OLD_COLLATION_CONNECTION */;
/*!40111 SET SQL_NOTES=@OLD_SQL_NOTES */;

-- Dump completed on 2025-04-16 16:28:57
